{"parameters":{"long":40,"short":5,"signal":9,"candleSize":120,"historySize":30,"thresholds":{"up":"0.03","down":"-0.43","persistence":5}},"score":7868.277803006089,"profit":754.2951134319999,"sharpe":10.431298921195276,"epochNumber":166,"otherMetrics":{"balance":1786.285113432,"profit":754.2951134319999,"sharpe":10.431298921195276,"market":41.9193497968115,"relativeProfit":73.09132001589163,"yearlyProfit":1997.5574964802627,"relativeYearlyProfit":193.5636485315035,"startPrice":31.99,"endPrice":45.4,"trades":45}}